{"cameraMode":{"drawMode":0,"name":"Shaded","section":"Shading Mode"},"sceneLighting":true,"audioPlay":false,"sceneViewState":{"m_AlwaysRefresh":false,"showFog":true,"showSkybox":true,"showFlares":true,"showImageEffects":true,"showParticleSystems":true,"showVisualEffectGraphs":true,"m_FxEnabled":true},"in2DMode":false,"pivot":{"x":1.8064700365066529,"y":0.6495988368988037,"z":0.5311652421951294},"rotation":{"x":0.1078004464507103,"y":0.07600086182355881,"z":-0.00822287518531084,"w":0.9913846254348755},"size":2.1319973468780519,"orthographic":true}