{"cameraMode":{"drawMode":0,"name":"Shaded","section":"Shading Mode"},"sceneLighting":true,"audioPlay":false,"sceneViewState":{"m_AlwaysRefresh":false,"showFog":true,"showSkybox":true,"showFlares":true,"showImageEffects":true,"showParticleSystems":true,"showVisualEffectGraphs":true,"m_FxEnabled":true},"in2DMode":false,"pivot":{"x":14.19995403289795,"y":3.7144124507904054,"z":18.707693099975587},"rotation":{"x":0.14991573989391328,"y":0.046349991112947467,"z":-0.006839587353169918,"w":0.9878151416778565},"size":22.134740829467775,"orthographic":false}